itemCollection_systemStores_Vehicleparts_Directorate_Medium,,,
itemCollection_systemStores_Vehicleparts_Liao_Medium,Reference,1,5
itemCollection_systemStores_Vehicleparts_Taurian_Medium,Reference,1,5
vehicledef_APC_Sleipnir_SRM,MechPart,1,5
vehicledef_APC_Sleipnir,MechPart,1,10
vehicledef_GOBLIN,MechPart,1,10
vehicledef_VEDETTE,MechPart,1,10
vehicledef_VEDETTE,MechPart,1,10
vehicledef_VEDETTE,MechPart,1,7
vehicledef_HETZER_LASER,MechPart,1,1
vehicledef_GOBLIN,MechPart,1,5
vehicledef_HETZER,MechPart,1,10
vehicledef_CONDOR,MechPart,1,9
vehicledef_HETZER_LRM,MechPart,1,1
vehicledef_APC_Maxim_SRM4,MechPart,1,1
vehicledef_APC_Maxim_SRM2,MechPart,1,1
vehicledef_APC_MAXIM,MechPart,1,6
vehicledef_DRILLSON_SRM,MechPart,1,2
vehicledef_DRILLSON,MechPart,1,3
